an_mes;altitude;sdom_bio;reg_eco;type_eco;id_pe;origine;temps;stft;strt;stri;stpeu;stbop;stepn;stsab;stepx;vft;vrt;vri;vpeu;vbop;vepn;vsab;vepx;hd;is;nsab;nepn;nepx;nrt;nri;npeu;nbop;nft
2007;260;4O;4c;RE22;0700200501_N_1970;CT;37;0;1.706;2.647;0;0;16.803;3.617;1.566;0;7.992849313;14.01166065;0;0;86.25692924;17.01730776;8.261880107;15.44506354;0.623522544;250;1200;75;100;200;0;0;0
2014;318;4O;4c;RS22;1419610501_N_1922;BR;92;0.208;0;0;7.883715034;0.825;12.293;8.816619298;0.601;0.518890883;0;0;73.35929631;5.70418998;92.79364784;62.02260682;3.521084776;23.33134911;0.783711212;275;375;25;0;0;150;25;25
